年月日,最高気温(℃),最低気温(℃),平均気温(℃),平均雲量(10分比),天気概況(昼：06時〜18時),晴 or 雨
2017/1/1,14.4,0,6.9,0,快晴,1
2017/1/2,13.3,0.8,5.9,3.3,曇後晴,1
2017/1/3,13.3,0.4,7,0.7,晴,1
2017/1/4,14.4,-1,6,0.7,快晴,1
2017/1/5,9.3,2.6,5.4,2,晴,1
2017/1/6,10.3,-0.5,4,6,晴時々薄曇,1
2017/1/7,9.4,-3.3,2.8,2,晴,1
2017/1/8,6.6,-1.7,2.4,10,曇後時々雨,0
2017/1/9,13.5,2.4,7.5,4.7,雨後晴,0
2017/1/10,13.1,5.1,8.1,0,快晴,1
2017/1/11,11.4,0.9,5.6,1,晴,1
2017/1/12,12,-2.2,4.4,0.3,晴,1
2017/1/13,11.4,-2,3.5,3.3,晴,1
2017/1/14,6.9,-2.3,1,8,曇時々晴一時雪,0
2017/1/15,4,-3.4,-0.5,5.3,曇時々雪後晴,0
2017/1/16,7.2,-5.3,1.3,2,晴,1
2017/1/17,10.7,0.6,4.8,3.7,晴,1
2017/1/18,9.6,-1.1,4,6.3,晴後曇,1
2017/1/19,11.1,-0.3,5,3.3,晴,1
2017/1/20,3.4,-1.1,1.5,10,曇後一時雪,0
2017/1/21,9.5,-0.7,4.1,0.7,晴,1
2017/1/22,11.4,-2,4.2,0.7,快晴,1
2017/1/23,7.6,-0.8,2.8,1,晴,1
2017/1/24,7.5,-2.4,1.2,1.7,晴,1
2017/1/25,9,-3.1,2.6,0,快晴,1
2017/1/26,11.5,-0.7,4.3,0,快晴,1
2017/1/27,13.6,-0.7,5.8,5,曇後晴,1
2017/1/28,13.7,3.7,7.7,3.7,晴,1
2017/1/29,11.7,3.1,6.9,8.7,曇後晴,1
2017/1/30,19,3.1,8.9,0.7,晴,1
2017/1/31,9.4,0.7,4.4,0,快晴,1
2017/2/1,10,-2.2,3.8,7.3,晴,1
2017/2/2,8.5,0,3.9,0.3,快晴,1
2017/2/3,11.6,1.5,6.7,0,快晴,1
2017/2/4,14.3,2.9,7.5,0,快晴,1
2017/2/5,9.2,0.4,4.9,10,曇一時晴,1
2017/2/6,13.4,1.3,7,2.7,晴一時曇,1
2017/2/7,9.2,0.7,4.3,3.3,晴後一時薄曇,1
2017/2/8,10.4,-0.9,4.7,4.3,晴後一時薄曇,1
2017/2/9,3.9,1.2,2.3,10,曇後雨一時みぞれ,0
2017/2/10,8.5,0.6,3.6,6.3,晴時々曇,1
2017/2/11,9.7,-2.3,3.2,2.3,晴,1
2017/2/12,10.2,1,4.6,0.3,快晴,1
2017/2/13,11.8,1.7,5.5,3.3,快晴,1
2017/2/14,11.4,0.8,4.8,4.3,晴,1
2017/2/15,12.5,1.3,5.8,0,快晴,1
2017/2/16,14,-1.8,6.2,3,快晴,1
2017/2/17,21,0.7,10.1,1.7,晴一時曇,1
2017/2/18,11.1,2,7.2,8.7,曇後晴,1
2017/2/19,10.6,0.8,5.2,0.7,晴,1
2017/2/20,15.7,1,7.6,4.3,晴後一時雨,0
2017/2/21,8.2,2.1,4.6,1,晴,1
2017/2/22,10.5,-0.3,5.5,10,薄曇一時晴,1
2017/2/23,17.9,3.9,9.4,7.7,曇後晴,1
2017/2/24,10.1,3.2,6.1,6.3,晴,1
2017/2/25,12.5,-1.5,6.3,5.3,晴,1
2017/2/26,14.5,1.4,8.4,5.3,晴後一時薄曇,1
2017/2/27,11.6,3.2,6.6,5,晴,1
2017/2/28,10.8,2.6,5.7,5.3,晴一時曇,1
2017/3/1,10.5,1.3,5.8,10,曇,1
2017/3/2,10,4.6,7,10,曇時々雨,0
2017/3/3,14,4.2,8.3,1,晴,1
2017/3/4,15.2,-0.3,7.8,3.3,晴,1
2017/3/5,16.3,1.6,9.1,6.7,晴後薄曇,1
2017/3/6,11.1,5.2,8.7,6.7,曇,1
2017/3/7,9.4,1.4,5.6,3.7,曇時々雨一時晴,0
2017/3/8,12,-2,5.2,3,晴,1
2017/3/9,14.3,-0.1,7.2,1.7,晴,1
2017/3/10,13.7,2,7.3,1,晴一時雨,0
2017/3/11,13.5,3,7.2,0.3,快晴,1
2017/3/12,12.6,-0.2,6.5,7.7,薄曇後一時晴,1
2017/3/13,10.4,5.8,7.9,10,曇,1
2017/3/14,12,5.9,8,10,雨時々曇,0
2017/3/15,7,4,5.5,10,曇,1
2017/3/16,14.7,0.7,7.8,0.7,快晴,1
2017/3/17,14.9,2,8.3,2,晴,1
2017/3/18,15.6,2.3,9.5,7.3,晴後薄曇,1
2017/3/19,17.4,3.4,10.8,0,晴,1
2017/3/20,18.9,5.8,12.3,6.3,晴後薄曇,1
2017/3/21,10,6.9,8.5,10,雨,0
2017/3/22,14,4.5,8.5,1,晴,1
2017/3/23,15.2,2,8.3,9,薄曇後一時晴,1
2017/3/24,12.5,3.4,7.3,3.7,晴,1
2017/3/25,13.4,2.6,7.8,8.7,晴後薄曇,1
2017/3/26,7.1,3.7,5.3,10,雨,0
2017/3/27,10.5,3.4,5.9,6.7,雨後曇一時晴,0
2017/3/28,14.5,3.6,8.6,5.7,晴時々曇,1
2017/3/29,15.1,2.4,8.9,4,晴時々薄曇,1
2017/3/30,18.5,4.5,11.4,1,晴,1
2017/3/31,12,5.2,8.7,10,曇後時々雨,0
2017/4/1,8.6,4.3,6.3,10,雨後一時曇,0
2017/4/2,14.2,2.6,8.6,7.3,晴一時曇,1
2017/4/3,16.6,4.5,9.2,2.3,晴後一時雨、雷を伴う,0
2017/4/4,18.2,4.9,11.2,0.7,晴,1
2017/4/5,21.9,5.8,13.6,10,薄曇,1
2017/4/6,23.2,8.2,15.5,7.7,晴後薄曇,1
2017/4/7,24.4,13.7,17.9,7,曇一時雨後晴,0
2017/4/8,15.9,13.3,14.9,10,雨後曇,0
2017/4/9,17.8,9.5,14.3,7.7,曇時々雨,0
2017/4/10,16.6,5.3,10.7,9.3,薄曇,1
2017/4/11,9.6,5.1,7.1,10,大雨,0
2017/4/12,19.7,8.6,14,9.7,薄曇一時晴,1
2017/4/13,18.6,4.7,11.6,1,晴,1
2017/4/14,23.4,5.6,14.2,1.7,晴,1
2017/4/15,24.7,9.4,16.8,5.3,晴後一時曇,1
2017/4/16,28,9.1,19.4,4.3,晴時々薄曇,1
2017/4/17,26.4,14.8,18.3,10,曇後一時雨,0
2017/4/18,28.1,14.3,19.1,5.3,晴時々曇一時雨,0
2017/4/19,24.6,10.7,15.9,3,晴,1
2017/4/20,22.4,10.8,15.9,7.7,晴後薄曇,1
2017/4/21,19.4,12.3,15.4,10,曇後一時晴,1
2017/4/22,20.5,10.3,15,10,曇,1
2017/4/23,21.2,8.4,14.2,3.3,快晴,1
2017/4/24,20.7,9.3,14.7,4,曇後晴,1
2017/4/25,22.9,10.9,15.9,7.3,晴時々薄曇,1
2017/4/26,19.5,11.3,15.4,10,曇,1
2017/4/27,20.9,10.9,15.9,10,薄曇,1
2017/4/28,22.4,8.8,14.8,3.7,晴,1
2017/4/29,24.1,9,15.1,2.3,晴後一時雨、雷を伴う,0
2017/4/30,27.1,8.4,17.5,0,快晴,1
2017/5/1,23.3,11,15.9,7.3,曇時々晴一時雨,0
2017/5/2,24.3,10.2,17,0,快晴,1
2017/5/3,25,9.7,16.9,10,曇一時晴,1
2017/5/4,25,12.4,18.4,6.3,薄曇後晴,1
2017/5/5,27.7,12.9,20.1,2.3,晴一時薄曇,1
2017/5/6,27.4,13.7,20.9,9.3,曇時々晴,1
2017/5/7,27,14,20.7,6.7,曇一時晴,1
2017/5/8,30.9,11.2,20.9,3.7,快晴,1
2017/5/9,23.4,14.5,19.2,10,薄曇,1
2017/5/10,17.6,14.7,15.8,10,雨後曇,0
2017/5/11,28.7,13.5,21.3,6.3,晴,1
2017/5/12,29.1,15,21.7,10,薄曇一時晴,1
2017/5/13,19.6,15.4,17,10,雨,0
2017/5/14,22.3,14.8,18.3,10,曇後一時晴,1
2017/5/15,19,15.2,16.9,10,曇,1
2017/5/16,23.4,15,19.1,9.7,曇一時晴,1
2017/5/17,19.4,14.3,16.6,10,曇一時雨,0
2017/5/18,24.3,15.3,18.6,6.3,曇後晴,1
2017/5/19,28.6,13.3,20.6,0.3,快晴,1
2017/5/20,31.7,15,23.4,0,快晴,1
2017/5/21,34,17.3,25.4,6,晴後一時薄曇,1
2017/5/22,33.2,17.9,24.9,4.7,薄曇後晴,1
2017/5/23,30.5,17.7,23.3,4.7,晴後一時薄曇,1
2017/5/24,26.3,18,22.1,10,曇,1
2017/5/25,22.6,18,19.8,10,雨後曇,0
2017/5/26,18.3,16.7,17.5,10,雨,0
2017/5/27,22,17,18.5,10,曇一時雨,0
2017/5/28,27.1,17,21.6,5,晴一時曇,1
2017/5/29,29.8,15.9,22.1,2,晴,1
2017/5/30,32.3,16.7,24.5,9.7,晴時々薄曇,1
2017/5/31,30.2,19.6,24.2,10,薄曇,1
2017/6/1,28.9,20.2,23,10,曇後一時雨,0
2017/6/2,28.3,16.1,21.5,2,晴,1
2017/6/3,27.6,14.1,20.5,5,晴,1
2017/6/4,25.7,14.9,20.1,4.3,晴,1
2017/6/5,26.7,13.7,20,6.7,晴後一時曇,1
2017/6/6,25.9,16.8,20.2,10,薄曇時々晴,1
2017/6/7,23.8,17.5,20.3,10,曇後一時雨,0
2017/6/8,26,17.5,21.6,10,曇一時雨,0
2017/6/9,29.5,18.3,23.5,9.3,晴時々曇,1
2017/6/10,30.8,17.5,23.3,10,曇後一時晴,1
2017/6/11,28.2,15.8,21.3,7.7,晴時々曇,1
2017/6/12,26.6,15.1,20.5,6.3,晴後一時曇,1
2017/6/13,17.9,15.4,16.7,10,雨時々曇,0
2017/6/14,27,15.9,20.5,7,晴時々曇,1
2017/6/15,28.3,18,22.2,9,曇後晴,1
2017/6/16,30.9,19.1,23.2,6.3,晴後一時雨、雷を伴う,0
2017/6/17,29.2,16,22,6.7,晴後一時薄曇,1
2017/6/18,24.2,18.3,21,10,曇,1
2017/6/19,32.8,18.1,24.1,8,薄曇時々晴,1
2017/6/20,31.4,15.3,23.6,10,晴後薄曇,1
2017/6/21,23.6,19.7,21.3,9.7,雨時々曇,0
2017/6/22,29.7,19.6,24.3,10,薄曇,1
2017/6/23,32.2,18.7,25.2,6.3,晴後一時薄曇,1
2017/6/24,30.9,21.1,25.3,10,曇一時晴,1
2017/6/25,27.8,20.5,23.8,10,曇一時雨,0
2017/6/26,29.7,22.3,25.1,10,曇,1
2017/6/27,27,21.3,23.9,10,曇,1
2017/6/28,25.9,20.5,22.8,10,雨後曇,0
2017/6/29,31.3,21,25.5,10,曇,1
2017/6/30,26.7,22.4,24.4,10,雨後曇,0
2017/7/1,24.3,20.9,22.5,9.7,雨時々曇,0
2017/7/2,32.8,21.1,27.5,10,曇,1
2017/7/3,32.8,24.4,28.5,10,曇,1
2017/7/4,28.2,22.7,26,10,雨一時曇,0
2017/7/5,34.2,21.8,27.3,9.3,晴後曇,1
2017/7/6,32.6,21.9,26.3,7,晴時々曇,1
2017/7/7,33.8,22.8,27.9,3.3,晴,1
2017/7/8,35.6,23,29,1,晴,1
2017/7/9,35.8,23.5,29.4,3,晴,1
2017/7/10,36.2,24.2,28.9,3.3,晴一時曇,1
2017/7/11,34.9,25.4,29.1,5.3,晴一時曇,1
2017/7/12,35.9,25.1,28.7,8,晴後曇一時雨、雷を伴う,0
2017/7/13,34,25.9,29.1,7.7,曇後一時晴,1
2017/7/14,35.3,25.5,28.5,5.3,曇時々晴一時雨,0
2017/7/15,35.6,25,29.7,9,晴後曇,1
2017/7/16,34.7,24.7,28.9,10,薄曇後一時雨,0
2017/7/17,36.1,25.9,30.1,9,薄曇後時々晴,1
2017/7/18,31.8,23.9,27.1,5.3,晴時々曇一時雨、雷を伴う,0
2017/7/19,33.3,21.9,27,5,晴,1
2017/7/20,34.6,23.9,28.5,3,晴一時曇,1
2017/7/21,36.2,25.9,29.9,3.7,晴,1
2017/7/22,36.1,25.6,29.8,9.7,晴時々薄曇,1
2017/7/23,29.2,26.1,27.2,10,雨時々曇,0
2017/7/24,31.8,25,28.5,10,曇,1
2017/7/25,32.9,25.9,28.1,10,曇後時々雨,0
2017/7/26,26.4,22.8,24.9,10,雨後曇,0
2017/7/27,27.7,23,25.1,10,曇,1
2017/7/28,31.9,24,27.6,10,曇,1
2017/7/29,29.8,22.8,25.5,10,曇後時々雨,0
2017/7/30,29,23,25.4,10,曇時々雨,0
2017/7/31,34.3,24.4,28.7,6,晴時々曇,1
2017/8/1,29.8,22.7,26.1,10,雨時々曇、雷を伴う,0
2017/8/2,25.5,21,22.9,10,曇一時雨,0
2017/8/3,28.6,21.4,24.7,10,曇,1
2017/8/4,28.2,22.8,25.6,10,曇後一時雨,0
2017/8/5,32.9,24.1,28.1,9.3,曇時々晴,1
2017/8/6,33.8,25.9,28.7,10,曇時々晴一時雨、雷を伴う,0
2017/8/7,34.9,26.1,29.1,9,曇時々晴,1
2017/8/8,32,26,28.7,9,曇時々雨,0
2017/8/9,37.8,25.4,30.5,6.3,晴,1
2017/8/10,28.4,21.9,25.1,10,曇一時雨,0
2017/8/11,25.7,21.2,23,10,曇,1
2017/8/12,30.2,21.1,25.2,8.7,晴時々曇,1
2017/8/13,31.8,24.1,27.1,9.3,曇後晴,1
2017/8/14,26.7,22.8,24.5,10,曇時々雨,0
2017/8/15,23.1,22.1,22.5,10,雨,0
2017/8/16,23,20.7,21.5,10,雨後一時曇,0
2017/8/17,29.4,20.9,24.8,10,曇,1
2017/8/18,27.8,23.3,25.1,10,曇時々雨,0
2017/8/19,32.3,22.4,25.6,9.7,曇時々雨、雷を伴う,0
2017/8/20,29,22.3,25.2,10,曇,1
2017/8/21,31.2,23.4,26.3,10,曇,1
2017/8/22,32.6,24.5,27.9,10,薄曇,1
2017/8/23,34.7,24.2,29.1,8.7,曇時々晴,1
2017/8/24,36.4,24.7,29.8,5.7,曇時々晴,1
2017/8/25,32,24.9,28.8,10,曇後時々雨,0
2017/8/26,34.5,25.4,28.5,9.3,曇時々晴一時雨,0
2017/8/27,31.1,22.4,26.4,8.7,曇時々晴,1
2017/8/28,31.1,20.8,26,9,曇時々晴,1
2017/8/29,33.5,24.5,28.8,10,薄曇後一時晴,1
2017/8/30,32,22.6,26.8,9.7,曇時々雨一時晴,0
2017/8/31,25.1,20,22.8,10,曇,1
2017/9/1,29.4,18.6,22.6,7.3,晴後時々曇,1
2017/9/2,25.7,16,20.2,5,晴時々曇一時雨,0
2017/9/3,30.4,16.3,23.6,4.3,晴後一時曇,1
2017/9/4,24.5,19.2,21.7,10,曇,1
2017/9/5,29.1,20.2,23.9,9.3,薄曇時々晴,1
2017/9/6,22.8,21.1,21.7,10,雨時々曇,0
2017/9/7,25.1,20.3,22.2,10,雨時々曇,0
2017/9/8,31.4,21,24.7,3.3,晴一時曇,1
2017/9/9,30.6,18.8,24.3,3.3,晴後一時薄曇,1
2017/9/10,31.9,20.5,25.5,1,晴一時薄曇,1
2017/9/11,30.6,22.1,25.5,10,曇,1
2017/9/12,28.4,22.3,24.6,9,雨後曇一時晴,0
2017/9/13,32.6,20,26.2,5.7,晴後一時曇,1
2017/9/14,32.4,20.8,25.8,6,晴,1
2017/9/15,29,19.7,23.9,8.7,晴後薄曇,1
2017/9/16,21.8,17.8,19.9,10,曇後一時雨,0
2017/9/17,19.6,17.3,18.6,10,雨,0
2017/9/18,33.3,19.6,27,4.3,晴,1
2017/9/19,29.2,19.5,24.2,8.7,晴時々曇,1
2017/9/20,24.8,20.3,22.2,10,曇,1
2017/9/21,29.6,19,23.9,6.7,晴,1
2017/9/22,24.3,17.7,20.7,10,曇時々雨,0
2017/9/23,24.5,18.1,20.7,10,曇一時雨,0
2017/9/24,28.5,18.2,22.7,6.7,晴一時薄曇,1
2017/9/25,28.7,19.6,23.7,9.3,曇時々晴,1
2017/9/26,28.9,18.8,23.5,4.7,晴一時曇,1
2017/9/27,27.6,20.3,23.3,10,曇,1
2017/9/28,26.7,16,20.2,10,曇時々雨,0
2017/9/29,25.8,13.9,19.6,1,快晴,1
2017/9/30,25.3,15.8,19.6,4,薄曇後晴,1
2017/10/1,26,13.6,19.9,6.7,晴後曇,1
2017/10/2,24.3,18.1,20.6,10,曇後一時雨,0
2017/10/3,28.7,18.8,22.7,7.7,晴時々曇,1
2017/10/4,23.6,14.3,18.7,7,曇後晴,1
2017/10/5,21,11.6,15.8,9.7,薄曇,1
2017/10/6,18.3,13.1,14.9,10,曇後雨,0
2017/10/7,24.5,14.6,18.9,6.7,雨時々曇後晴,0
2017/10/8,27.3,16.5,20.9,7.7,晴後一時薄曇,1
2017/10/9,27,17.8,22.1,7,晴時々薄曇,1
2017/10/10,29.8,18.1,23.7,0.3,晴,1
2017/10/11,24.5,18.9,21.3,9.3,曇一時晴,1
2017/10/12,28.5,18.1,22.3,9.7,曇時々晴,1
2017/10/13,18.3,14.2,14.9,10,雨,0
2017/10/14,16.7,14.4,15.5,10,曇,1
2017/10/15,16.2,13.9,15,10,雨一時曇,0
2017/10/16,14.1,11.6,12.6,10,雨,0
2017/10/17,16.7,11.7,13.4,9.3,雨後曇,0
2017/10/18,19.2,8.8,14,6.7,晴後曇,1
2017/10/19,12.4,10,11.1,10,雨,0
2017/10/20,17,11.2,14.2,10,雨,0
2017/10/21,17.4,15.6,16.5,10,雨,0
2017/10/22,18.2,16.5,17.2,10,大雨,0
2017/10/23,22.1,13.8,17.3,7.3,晴時々曇一時雨,0
2017/10/24,16.7,11.8,13.9,10,曇,1
2017/10/25,16.6,10.2,12.9,7,雨時々曇,0
2017/10/26,21.3,7.6,13.8,1,快晴,1
2017/10/27,20.7,7.8,13.8,3.7,快晴,1
2017/10/28,15.7,11.9,13.6,10,曇後雨,0
2017/10/29,17.9,13.1,14.7,10,大雨,0
2017/10/30,19,8.9,14.1,1.3,快晴,1
2017/10/31,19.5,7.7,12.8,0.7,快晴,1
2017/11/1,17.5,6.4,11.5,4.3,晴時々曇,1
2017/11/2,21.2,7,13.7,8.3,薄曇時々晴,1
2017/11/3,23.1,11.2,16.4,3.7,晴,1
2017/11/4,22.3,11.1,15.3,6,曇時々晴一時雨,0
2017/11/5,18.1,8.2,12.4,0,快晴,1
2017/11/6,18.8,4.9,11.5,0,快晴,1
2017/11/7,20.8,6.3,13.4,4,晴,1
2017/11/8,15.3,10.4,12.7,7.3,曇,1
2017/11/9,17.5,9.6,13.9,0,快晴,1
2017/11/10,16.6,4.2,10.4,2.3,晴後一時曇,1
2017/11/11,20.2,5.9,12.3,3,晴一時曇,1
2017/11/12,16.8,6.9,11.2,2.3,快晴,1
2017/11/13,15.9,4.5,10.1,6.3,晴後薄曇,1
2017/11/14,14.7,8,10.7,7.3,曇後雨,0
2017/11/15,17.1,7.2,11.7,8,曇後晴,1
2017/11/16,16,4.6,10.1,1.7,晴,1
2017/11/17,13.5,1.1,7.4,4.3,晴,1
2017/11/18,11.4,6.1,8.2,6.7,曇,1
2017/11/19,14.2,3.9,8.3,2.3,晴後一時曇,1
2017/11/20,9,1.2,4.5,6.7,曇,1
2017/11/21,11.9,1.7,6.8,0.3,快晴,1
2017/11/22,9.9,0.5,6,7.7,晴後曇一時雨,0
2017/11/23,16.4,6.6,9.6,3.7,雨一時曇後晴,0
2017/11/24,15,2.4,7.8,2,晴,1
2017/11/25,15.6,0.6,7.4,6,晴後一時曇,1
2017/11/26,16.8,2,8.8,8.7,晴後一時薄曇,1
2017/11/27,14.7,4.2,9.9,6.3,晴後曇,1
2017/11/28,13.8,7.3,10.9,7.7,曇,1
2017/11/29,18.4,3.6,11.6,3.3,晴,1
2017/11/30,14,6.8,10.5,10,曇後雨,0
2017/12/1,10.8,5.5,7.9,9.3,曇一時晴,1
2017/12/2,11.5,2.2,6.3,5.3,晴,1
2017/12/3,13.2,1.4,6.6,0,快晴,1
2017/12/4,11.7,0.7,7.2,6.7,晴後曇一時雨,0
2017/12/5,15.8,2.1,8.6,1,晴,1
2017/12/6,11.9,0.1,5.9,1,快晴,1
2017/12/7,11.7,-0.5,5.3,2,晴,1
2017/12/8,10.5,0.3,5,10,曇時々雨一時晴,0
2017/12/9,10.5,0.7,5.1,0,快晴,1
2017/12/10,11.5,-0.8,4.8,4.3,晴後一時薄曇,1
2017/12/11,17.1,-0.5,7.7,0,快晴,1
2017/12/12,10.5,1.7,6.2,0.7,快晴,1
2017/12/13,11.8,0.1,4.5,3,晴後一時曇,1
2017/12/14,9.9,-0.5,4.6,1.3,快晴,1
2017/12/15,10.5,-0.2,4.5,9,晴時々曇,1
2017/12/16,13.5,-0.3,5.6,5.7,晴,1
2017/12/17,9,0.1,4.9,1,晴,1
2017/12/18,8.1,-3.4,2.2,0,快晴,1
2017/12/19,14,-2.9,4.6,1.3,晴,1
2017/12/20,9.8,-0.4,4.1,0,快晴,1
2017/12/21,10.8,-2.2,3.8,0,快晴,1
2017/12/22,12,-2.1,4.5,0,快晴,1
2017/12/23,15.4,-1.6,6.6,3,晴後一時薄曇,1
2017/12/24,10.8,-0.4,5.4,9.7,曇,1
2017/12/25,14.5,4.3,8.3,0.7,晴,1
2017/12/26,13.8,2.1,6.5,1,快晴,1
2017/12/27,8.4,-0.4,3.1,2.3,晴,1
2017/12/28,9,-1.7,3.4,0,晴,1
2017/12/29,11.3,1.4,5.6,1,快晴,1
2017/12/30,11.7,-1.2,5.1,4,晴,1
2017/12/31,6.4,0,2.8,9.3,曇,1
2018/1/1,13.8,-2.7,5.3,0.7,快晴,1
2018/1/2,10.4,-0.3,5.3,0,快晴,1
2018/1/3,7.8,1.1,3.7,0.7,快晴,1
2018/1/4,8.6,-1.8,3.5,2,晴,1
2018/1/5,6.5,-1.4,2.3,6.7,曇時々晴,1
2018/1/6,11.8,-2.7,3.9,0,快晴,1
2018/1/7,10.9,1.3,5.8,6,晴後一時薄曇,1
2018/1/8,8.1,0.9,4.4,10,曇後時々雨,0
2018/1/9,17.3,4,8,3,晴時々曇,1
2018/1/10,13.2,-0.9,6.2,2,晴,1
2018/1/11,10.5,-1.1,4,0.3,快晴,1
2018/1/12,7.6,-4.6,1.4,3.3,晴後一時曇,1
2018/1/13,7.3,-5,1.3,0.7,晴後一時曇,1
2018/1/14,8.9,-0.7,3.3,0,快晴,1
2018/1/15,8.6,-3,2.2,2.7,晴,1
2018/1/16,13.9,-1.8,5.2,6,晴後時々薄曇,1
2018/1/17,10.7,2.1,6.6,10,曇後時々雨,0
2018/1/18,15.8,4.3,9.7,8.3,曇時々晴,1
2018/1/19,11.6,5.8,8.2,10,曇一時晴,1
2018/1/20,10.3,3.3,6.2,4,曇後晴,1
2018/1/21,12.9,-1.1,6,3,晴,1
2018/1/22,4.4,-0.6,1.3,10,曇後大雪,0
2018/1/23,8.8,-4.8,1.2,3.7,晴一時曇,1
2018/1/24,6.3,-5.3,-0.2,3,晴後時々曇,1
2018/1/25,3.5,-4.4,-0.7,0.3,快晴,1
2018/1/26,4.3,-4.8,-0.4,2.3,晴,1
2018/1/27,7.3,-2.9,2,0,快晴,1
2018/1/28,4.9,-1.8,0.9,4,曇後晴,1
2018/1/29,9.3,-4.3,2.5,1.7,　晴一時薄曇,1
2018/1/30,7.9,-1.7,2.5,1.3,晴,1
2018/1/31,10,-3.4,2.4,6,晴後一時薄曇,1
2018/2/1,5.3,-0.2,1.7,10,曇後雨一時みぞれ,0
2018/2/2,3.6,0.2,1.9,10,雪後曇一時雨,0
2018/2/3,8.3,0.2,4.1,9.7,薄曇後一時晴,1
2018/2/4,10.5,0.4,4.9,2.3,晴,1
2018/2/5,8.3,-0.4,3.2,3.7,晴後一時曇,1
2018/2/6,8,-2.2,2.2,2.7,晴,1
2018/2/7,9.2,-2.8,2.6,0.3,快晴,1
2018/2/8,9.8,-2.8,2.8,2.3,晴,1
2018/2/9,9.9,-3.4,2.8,1.3,晴,1
2018/2/10,11,-1.2,5.4,8.7,薄曇時々晴,1
2018/2/11,15.6,2.2,7.6,1.3,晴,1
2018/2/12,9.3,-2.5,3,0.7,晴,1
2018/2/13,9.9,-3.6,2.6,1.7,晴,1
2018/2/14,12.1,-1.8,5.1,3.3,快晴,1
2018/2/15,17,1.6,8.2,7.7,晴時々薄曇,1
2018/2/16,10.7,2.4,5.7,8.7,晴後曇,1
2018/2/17,12,-1.3,4.6,5.3,晴後一時雨,0
2018/2/18,8.1,-3.2,2.3,4.3,晴,1
2018/2/19,11.1,-0.7,5.1,6.7,晴時々薄曇,1
2018/2/20,13.5,0.4,7,1,晴,1
2018/2/21,10.4,1.2,5.3,10,薄曇,1
2018/2/22,4.5,1.3,2.9,10,曇時々雨,0
2018/2/23,9.9,1.4,4.7,4,曇一時雨後晴,0
2018/2/24,14.7,-1.9,6,3,晴,1
2018/2/25,8.6,1.8,4.4,9.7,曇,1
2018/2/26,11.4,-0.2,4.8,6.7,晴一時曇,1
2018/2/27,12.7,1.4,6.8,3,晴後一時薄曇,1
2018/2/28,15.6,2.3,8.8,7.7,薄曇一時晴,1
2018/3/1,20.9,5.7,11.6,4.3,晴一時雨,0
2018/3/2,13.4,4.8,8.4,0.3,晴,1
2018/3/3,14.8,-0.2,7.9,6.7,晴後薄曇,1
2018/3/4,21.6,3.1,12.3,0,快晴,1
2018/3/5,14.8,7.8,11.8,10,曇後雨,0
2018/3/6,15.2,3.4,9.3,1,晴一時曇,1
2018/3/7,9.3,0.7,4.8,10,曇時々晴,1
2018/3/8,7.7,3.9,6,10,雨,0
2018/3/9,13.6,6.2,9.9,10,雨時々曇,0
2018/3/10,13.3,4.6,8.2,6.7,晴一時曇,1
2018/3/11,11.5,5,7.6,4.3,曇後晴,1
2018/3/12,15.6,4.5,9.2,0,快晴,1
2018/3/13,18,3.1,10.1,0,快晴,1
2018/3/14,23.8,4.2,13.9,0,快晴,1
2018/3/15,22.9,7.3,15.2,9,晴時々薄曇,1
2018/3/16,17.6,5.6,12,10,曇後時々雨,0
2018/3/17,12.3,2.8,6.9,0,快晴,1
2018/3/18,16.3,2.8,9.2,10,薄曇時々晴,1
2018/3/19,16,7.6,11.8,10,曇,1
2018/3/20,10.5,5.7,8.3,10,雨後時々曇,0
2018/3/21,5.7,0.4,3.6,10,雨一時雪,0
2018/3/22,16.5,3.2,9.6,6.7,雨後晴,0
2018/3/23,17.4,9.2,12.3,6.7,晴一時曇,1
2018/3/24,17.2,6.1,11.4,7,薄曇時々晴,1
2018/3/25,20.4,5,12.8,0,快晴,1
2018/3/26,23.4,4.8,14.4,4,晴,1
2018/3/27,22.6,8.1,15.7,9,薄曇時々晴,1
2018/3/28,24.8,10,17,0,快晴,1
2018/3/29,25.5,10.4,18.3,2.3,晴,1
2018/3/30,19.9,8.8,13.7,0.3,快晴,1
2018/3/31,19,4.4,11.9,0,快晴,1
2018/4/1,23.3,8.2,15.4,4,晴,1
2018/4/2,24.6,10.4,16.5,10,薄曇後一時晴,1
2018/4/3,25.3,13.9,18.4,8.7,薄曇後晴,1
2018/4/4,27.6,12.3,19.8,4.3,晴後一時薄曇,1
2018/4/5,18.9,11,13.7,9.3,晴後曇,1
2018/4/6,27.1,10.5,16.7,10,曇,1
2018/4/7,19,8.6,14.3,10,曇後一時雨,0
2018/4/8,16.6,5.2,10.7,4.3,晴,1
2018/4/9,20.2,3.3,11.5,2.3,晴,1
2018/4/10,20.6,7.6,13.5,4.7,晴,1
2018/4/11,23.3,9.1,15.8,10,薄曇,1
2018/4/12,26,11.4,17.7,6.7,薄曇後晴,1
2018/4/13,18.9,9.4,13.8,3.7,晴,1
2018/4/14,16,8.1,12.4,10,曇,1
2018/4/15,24.9,11.6,15.8,9,曇時々雨一時晴,0
2018/4/16,21.1,10.5,14.9,9.7,薄曇一時晴,1
2018/4/17,13.7,10.9,12,10,曇後雨,0
2018/4/18,19,11,13.9,7,雨後晴,0
2018/4/19,24.2,10.3,17,2.3,快晴,1
2018/4/20,27.1,11.9,19.1,1,快晴,1
2018/4/21,28.7,11.5,19.7,0,快晴,1
2018/4/22,30.8,13.2,22.1,3,晴後一時薄曇,1
2018/4/23,20.5,14.2,17.2,10,曇,1
2018/4/24,15.5,13.1,14.5,10,雨,0
2018/4/25,24.9,14.7,18.4,7.7,雨後晴一時曇,0
2018/4/26,25.8,14.1,19.2,6,晴後一時薄曇,1
2018/4/27,21.6,12.6,17.6,10,曇,1
2018/4/28,27.1,14.7,19.9,0,快晴,1
2018/4/29,27.7,12.4,19.7,0,快晴,1
2018/4/30,27.9,12.5,20.3,8.7,晴後薄曇,1
2018/5/1,30.3,15.5,22.8,9.3,晴後薄曇,1
2018/5/2,22.9,17,19.6,10,曇時々雨,0
2018/5/3,27.3,14.1,19.7,10,曇時々雨一時晴,0
2018/5/4,23.5,11.9,16.1,4.3,晴時々曇一時雨,0
2018/5/5,26.4,10,18.2,0,快晴,1
2018/5/6,27.6,12,21.1,10,曇時々晴,1
2018/5/7,23.5,13.4,18.2,10,曇後雨,0
2018/5/8,17.1,11.2,13.3,10,曇一時雨,0
2018/5/9,14.8,10.5,12.4,10,雨後曇,0
2018/5/10,18.8,10.5,13.1,6,雨後晴,0
2018/5/11,24.5,7.8,16.8,8.7,晴,1
2018/5/12,27,11.4,19.7,9.7,薄曇,1
2018/5/13,19.2,14.2,16.6,10,雨時々曇,0
2018/5/14,27.6,13.6,20.4,0.7,晴一時霧,1
2018/5/15,30.4,13.3,22,3.3,快晴,1
2018/5/16,31.4,16.7,23.9,10,薄曇時々晴,1
2018/5/17,31.9,19.5,25.4,9.7,薄曇一時晴,1
2018/5/18,29.5,18.7,23.6,9,晴後曇,1
2018/5/19,28.5,14.8,20.7,0,晴一時雨,0
2018/5/20,23,13,17.7,4.7,晴,1
2018/5/21,26.9,13,20.4,9,薄曇時々晴,1
2018/5/22,28.9,12.6,21.2,0,快晴,1
2018/5/23,23.1,15.7,18.5,10,曇後雨,0
2018/5/24,29.2,15.9,21.9,3,晴,1
2018/5/25,29.4,15.7,22.8,9.7,薄曇後一時晴,1
2018/5/26,27.1,18,22.1,8,薄曇,1
2018/5/27,29.9,14.7,21.5,4.3,晴後一時薄曇,1
2018/5/28,25.4,18.5,21.5,9.7,曇,1
2018/5/29,29.6,18,23.3,10,曇,1
2018/5/30,25.9,17.5,21.2,10,雨時々曇,0
2018/5/31,22.9,16.7,19.5,10,曇時々雨,0
2018/6/1,27.5,16.4,21.9,4.7,晴,1
2018/6/2,29.4,18.4,22.9,2.3,晴,1
2018/6/3,30.8,16.8,24,4,晴,1
2018/6/4,30.7,17.7,24.2,4.3,晴,1
2018/6/5,29.4,18.3,24.2,8.7,晴後曇,1
2018/6/6,22.8,19.4,21.1,10,雨,0
2018/6/7,31.1,18.5,24.1,1.7,晴,1
2018/6/8,31.3,18,24.7,9.7,薄曇一時晴,1
2018/6/9,33.2,22,27.1,9.3,薄曇,1
2018/6/10,22,17.5,19,10,雨,0
2018/6/11,20.7,17.8,19.4,10,雨,0
2018/6/12,25.1,18.5,21,10,曇後一時雨、雷を伴う,0
2018/6/13,29.9,17.4,23.5,6.7,晴,1
2018/6/14,26.5,15.9,21.1,7.3,晴後曇,1
2018/6/15,18.4,16.6,17.5,10,雨,0
2018/6/16,17.3,14.7,15.8,10,曇時々雨,0
2018/6/17,21.5,14.8,18.2,10,曇,1
2018/6/18,20.7,15.7,18.5,10,曇時々雨,0
2018/6/19,30,15.9,23.1,7.3,晴後一時薄曇,1
2018/6/20,21.9,19.7,20.5,10,雨時々曇,0
2018/6/21,25.8,19.9,22.5,10,曇,1
2018/6/22,30.9,19,24.9,6.7,晴,1
2018/6/23,24,18.1,20.9,9,曇後雨,0
2018/6/24,29.2,17.8,23.3,8,晴一時曇,1
2018/6/25,35,20.4,27.4,2,快晴,1
2018/6/26,32.1,21.3,26.4,7,薄曇一時晴,1
2018/6/27,35.2,23.4,28.7,9.3,曇,1
2018/6/28,30.7,25.3,27.9,10,曇一時雨,0
2018/6/29,36.2,23.9,29.8,3.7,晴,1
2018/6/30,36.2,24.5,29.7,8,晴時々薄曇,1
2018/7/1,35.3,24.4,29.4,2.7,晴,1
2018/7/2,36.7,23.8,30,2,晴,1
2018/7/3,35.9,25.2,29.5,10,薄曇,1
2018/7/4,34.7,24.5,28.2,9.7,曇一時雨,0
2018/7/5,27.7,23.4,25.9,10,雨時々曇,0
2018/7/6,23.4,18.8,21,10,雨,0
2018/7/7,23.7,18.9,21.4,10,曇時々雨,0
2018/7/8,29.7,21,26,9.7,曇,1
2018/7/9,33.4,23.3,28.2,8.7,晴後時々曇,1
2018/7/10,35.5,25.1,28.7,8.3,晴一時曇,1
2018/7/11,35.9,24.1,29.8,9,薄曇一時晴,1
2018/7/12,31.8,23.8,26.8,10,曇一時雨,0
2018/7/13,36.1,24.6,30.3,9,曇一時晴,1
2018/7/14,37.2,25.9,31,9.3,薄曇一時晴,1
2018/7/15,37.8,26.4,30.7,3,晴,1
2018/7/16,38.2,26.6,31.1,10,薄曇一時晴,1
2018/7/17,37.8,25.9,31.2,10,薄曇時々晴,1
2018/7/18,38.9,27.1,32.4,4.7,晴,1
2018/7/19,38,27.8,31.4,8.3,晴時々曇,1
2018/7/20,37.3,27.6,31,4.3,晴時々曇,1
2018/7/21,38,26.7,31.6,9.3,薄曇一時晴,1
2018/7/22,37.9,27.2,32.7,9.3,薄曇一時晴,1
2018/7/23,41.1,27.8,33.5,7,薄曇後晴,1
2018/7/24,37.4,25.5,30.9,6,晴,1
2018/7/25,34.3,25.2,29,10,曇,1
2018/7/26,30.5,24,26.5,7.7,曇後晴,1
2018/7/27,31.6,21.6,25.9,9.3,曇時々晴,1
2018/7/28,30.4,20.7,24.5,9.7,雨時々曇,0
2018/7/29,34.1,25.6,28.7,8.3,曇時々晴一時雨,0
2018/7/30,34.5,25.1,28.7,8,曇時々晴,1
2018/7/31,35.9,25.7,30.1,5.3,晴時々曇,1
2018/8/1,38.3,26.2,32.1,2,晴,1
2018/8/2,37.8,27.1,31.7,8,晴後薄曇,1
2018/8/3,38.7,27.7,31.6,6,晴後一時薄曇,1
2018/8/4,37,25.5,30.7,6,晴一時薄曇,1
2018/8/5,38.6,27.6,32,5.7,晴一時薄曇,1
2018/8/6,34.3,23.7,29.2,6.3,晴時々曇,1
2018/8/7,24.9,22,23,10,雨後曇,0
2018/8/8,28.7,22.2,25.6,10,曇時々雨,0
2018/8/9,35.6,26.6,29.3,6.3,曇後晴,1
2018/8/10,36.9,24.5,29.9,6.3,晴後一時薄曇,1
2018/8/11,33.8,24.9,29,8,晴時々曇,1
2018/8/12,32,24.7,27.7,10,曇,1
2018/8/13,32.7,25.5,28.4,8.3,曇後一時雨、雷を伴う,0
2018/8/14,36.4,24.1,29.7,6.3,晴後時々薄曇,1
2018/8/15,36.7,26.4,30.3,9.3,薄曇一時晴,1
2018/8/16,33.5,23.3,27.9,9.3,曇時々雨,0
2018/8/17,29.1,20.6,25,0.3,快晴,1
2018/8/18,28.7,16.9,22.7,8.7,薄曇時々晴,1
2018/8/19,29,17,23.5,9.7,薄曇一時晴,1
2018/8/20,28.9,19.7,24.7,10,曇,1
2018/8/21,34.6,22.6,27.6,5.3,曇後晴,1
2018/8/22,37.7,24.7,30.1,1.7,晴,1
2018/8/23,35.4,24.7,29.2,7.3,晴後曇時々雨,0
2018/8/24,33.3,25.7,29,8,曇一時雨,0
2018/8/25,37.6,25.7,30.6,7.3,晴一時薄曇,1
2018/8/26,38.3,25.6,31.5,7,晴,1
2018/8/27,36.8,23,28.9,6,晴後一時曇、雷を伴う,1
2018/8/28,29,23.3,25.8,9.3,曇時々雨,0
2018/8/29,29.2,23.9,26.1,10,曇,1
2018/8/30,34,24,28.2,10,薄曇,1
2018/8/31,35.3,23.7,27.3,10,薄曇時々雨一時晴、雷を伴う,0
2018/9/1,29,20.8,24.9,10,曇一時雨,0
2018/9/2,25.4,19.7,21.9,10,雨後曇,0
2018/9/3,27.2,21.4,23.7,10,雨後曇,0
2018/9/4,28.9,23.1,26,10,雨時々曇,0
2018/9/5,34.3,22.4,26.8,6.7,曇後晴,1
2018/9/6,32.1,22.3,26.5,9.7,曇一時晴,1
2018/9/7,28.2,23.2,25.4,9.7,曇一時雨,0
2018/9/8,30.6,22.8,25.3,10,曇時々雨,0
2018/9/9,33.4,22.3,26.1,9.3,曇後晴,1
2018/9/10,29.5,21.2,24.7,9.7,曇後雨、雷を伴う,0
2018/9/11,25.5,19.6,21.7,10,曇一時雨,0
2018/9/12,23.9,18.6,20.8,10,曇,1
2018/9/13,27.2,17.2,22,10,曇,1
2018/9/14,25.7,20,22.3,10,曇,1
2018/9/15,23.5,20,21.2,10,雨時々曇,0
2018/9/16,28.7,20,24.1,8.7,曇時々晴,1
2018/9/17,32.4,21.2,25.7,8.7,薄曇時々晴,1
2018/9/18,29.2,20.3,24.1,7.7,晴時々曇,1
2018/9/19,27.4,18.5,22.5,5.3,晴一時曇,1
2018/9/20,23,15,19.5,10,曇後雨,0
2018/9/21,19.1,15.1,17.7,10,雨,0
2018/9/22,28.5,19.1,23.2,9.7,曇一時雨後晴,0
2018/9/23,27.7,21.3,24,10,曇,1
2018/9/24,28.8,21.8,24.6,9.3,晴時々曇,1
2018/9/25,24.1,18.4,20.7,10,雨一時曇,0
2018/9/26,21.1,15.9,18.3,10,曇一時雨,0
2018/9/27,18,13.9,16.1,8,雨後曇,0
2018/9/28,27.6,12.8,20.2,3.3,快晴,1
2018/9/29,20.5,17.1,18.4,10,雨,0
2018/9/30,26.1,16.7,19.9,10,雨時々曇,0
2018/10/1,33.8,20.3,27.7,3.3,晴,1
2018/10/2,27.5,16.9,22,5.3,晴,1
2018/10/3,26.3,16.9,21.4,9.7,曇時々晴,1
2018/10/4,22.6,17.9,20.2,10,曇時々雨,0
2018/10/5,22.1,17.5,19.5,10,曇後時々雨,0
2018/10/6,30.2,18.3,23.5,5.3,晴一時曇,1
2018/10/7,32,20.2,25.7,3.3,快晴,1
2018/10/8,22.4,19.9,21.3,10,曇,1
2018/10/9,25.3,17.5,21.3,9.3,曇時々晴,1
2018/10/10,26.2,17.2,21.6,9.3,曇時々晴,1
2018/10/11,21.1,18.9,19.7,10,雨一時曇,0
2018/10/12,22.6,16.6,19.3,9.7,曇一時雨,0
2018/10/13,19.4,13.7,16.4,10,曇,1
2018/10/14,21.5,13.9,17.2,8,曇一時雨後時々晴,0
2018/10/15,20.3,15.1,17.5,10,曇後一時雨,0
2018/10/16,20.6,13.4,16.9,10,曇,1
2018/10/17,22.3,14.7,17.8,9.7,曇一時晴,1
2018/10/18,22.2,13.1,16.7,8.7,曇時々晴,1
2018/10/19,18.7,12.2,15.5,9.7,曇時々雨,0
2018/10/20,22.8,12.1,16.8,5.3,晴後一時雨,0
2018/10/21,23.1,11.3,16.5,0,快晴,1
2018/10/22,21.9,9.8,15.3,4.3,晴後一時薄曇,1
2018/10/23,17.7,11,14.5,10,曇一時雨,0
2018/10/24,24,14.2,18.2,7.7,晴一時雨,0
2018/10/25,23.7,11.3,17.5,0.7,快晴,1
2018/10/26,21.2,13,16.8,9.3,曇時々晴,1
2018/10/27,22.9,14.2,17.3,5.7,曇一時雨後晴,0
2018/10/28,21.7,12.8,16.8,6.3,晴一時曇,1
2018/10/29,23.9,11.6,17.4,3.7,晴後一時曇,1
2018/10/30,23.4,10,16.1,1.3,晴,1
2018/10/31,20.3,9.8,14.2,7.3,晴時々薄曇,1
2018/11/1,19.7,9,14.1,4,晴後一時曇,1
2018/11/2,19.6,6.9,13.1,3.7,快晴,1
2018/11/3,20.4,8.7,14.1,2.7,快晴,1
2018/11/4,19.5,9.7,14.7,10,曇,1
2018/11/5,23.2,14.5,18.2,10,曇時々晴,1
2018/11/6,17.8,16,16.9,10,雨一時曇,0
2018/11/7,21,13.2,17.1,10,曇,1
2018/11/8,20.4,12.5,16.1,9.7,曇一時晴,1
2018/11/9,17.4,14.3,15.9,10,曇時々雨,0
2018/11/10,24.4,13.1,17.8,5.3,晴後一時曇,1
2018/11/11,21.6,9.5,15.6,5.7,晴,1
2018/11/12,19.1,10.6,15,8,曇一時晴,1
2018/11/13,16.4,12.1,14.7,10,曇,1
2018/11/14,18.2,9.2,13.3,4.7,晴時々曇,1
2018/11/15,17.3,6,11.1,1,快晴,1
2018/11/16,17,5.7,11.1,7,晴後薄曇,1
2018/11/17,20.3,8,14,6.3,晴時々薄曇,1
2018/11/18,15.4,11.4,13.2,10,曇,1
2018/11/19,20.2,12.3,14.8,10,曇一時晴,1
2018/11/20,15.4,5.6,10.7,4,晴一時曇,1
2018/11/21,16.6,2.6,9.5,6.7,晴時々薄曇,1
2018/11/22,14.1,9.2,11.3,6.7,曇後一時晴,1
2018/11/23,15.4,5.9,10.3,5.3,晴後一時曇,1
2018/11/24,12.7,4.9,8.2,2,晴,1
2018/11/25,14.8,3.8,8.7,8.7,晴後一時薄曇,1
2018/11/26,18.2,4.5,11.6,8.3,晴後曇,1
2018/11/27,19,7.9,12.3,3.3,曇後晴,1
2018/11/28,18.7,5.5,12.6,6,晴後一時曇,1
2018/11/29,17.3,7.9,12.4,5.7,晴時々曇,1
2018/11/30,17,6.6,11.3,3.3,快晴,1
2018/12/1,19.1,4.9,10.5,3,晴,1
2018/12/2,12.1,3.4,8.8,9,曇時々晴,1
2018/12/3,14,8.2,11.1,9.7,曇時々雨,0
2018/12/4,20.6,8.9,14.6,6.3,晴後一時薄曇,1
2018/12/5,20.6,11.7,16,8,晴時々曇,1
2018/12/6,11.8,9.2,10.4,10,曇時々雨,0
2018/12/7,16.2,8.5,11,7.7,薄曇,1
2018/12/8,13.1,4.8,8.7,6.3,曇後晴,1
2018/12/9,8.8,2.8,5.8,6,曇時々晴,1
2018/12/10,9.4,-0.2,4.8,3.3,晴時々薄曇,1
2018/12/11,8.6,-1.7,3.6,9.7,曇時々晴一時雨,0
2018/12/12,13,2.3,6.6,4,曇一時雨後晴,0
2018/12/13,11.9,2.8,6.9,5.3,晴,1
2018/12/14,9.6,0.9,4.9,1.3,快晴,1
2018/12/15,9.6,-0.4,4.3,1,晴,1
2018/12/16,7.2,-3,2.2,7,薄曇一時晴,1
2018/12/17,14.5,0.5,6.4,3.7,晴時々曇,1
2018/12/18,13.5,4.5,8.4,0.7,晴,1
2018/12/19,13.7,2,7.3,1.3,晴,1
2018/12/20,15.5,3.4,7.7,3.7,晴,1
2018/12/21,13.6,-0.1,6.6,4,晴,1
2018/12/22,13.2,4,8.9,7.7,曇一時晴,1
2018/12/23,12.8,6.7,9.8,6.7,曇,1
2018/12/24,10.8,3.7,7.6,0.3,快晴,1
2018/12/25,9.5,-2.5,3.8,3.7,晴後薄曇,1
2018/12/26,12.2,-1.1,5.4,9.7,曇時々晴,1
2018/12/27,15.2,3.7,8.6,3.7,晴一時薄曇,1
2018/12/28,7.5,-2.5,2.9,1.3,晴,1
2018/12/29,9.5,-2.1,2.8,1,晴,1
2018/12/30,9.5,-3.7,2.2,0.3,晴,1
2018/12/31,9.7,-1.6,3.7,2,晴,1
2019/1/1,11.8,0.2,5,1.3,晴,1
2019/1/2,11.2,1.3,5.4,0,快晴,1
2019/1/3,10.3,-1.4,4.4,0.3,晴,1
2019/1/4,11.7,-1,5,0.3,快晴,1
2019/1/5,16.2,-1.4,6.5,0,快晴,1
2019/1/6,8.3,1.7,4.8,10,曇時々晴,1
2019/1/7,11,-0.4,4.5,1,快晴,1
2019/1/8,10.4,-2.8,2.9,2.7,晴一時薄曇,1
2019/1/9,7.5,-0.1,3.7,0.7,快晴,1
2019/1/10,6.3,-4.3,0.8,5,曇時々晴,1
2019/1/11,11.3,0.3,6.6,0.3,晴,1
2019/1/12,8.4,-1.2,4,10,曇,1
2019/1/13,10.9,0.7,5.6,0,晴時々曇,1
2019/1/14,10.5,-2.6,3.3,0,晴,1
2019/1/15,8.3,-2.9,2.2,4.7,晴時々曇,1
2019/1/16,11.3,-0.7,5.5,6.7,晴後薄曇,1
2019/1/17,13.3,-0.8,6.3,0.3,晴,1
2019/1/18,9.6,1.1,4.8,0,快晴,1
2019/1/19,12.5,0.8,5.6,2.3,晴,1
2019/1/20,12.8,-1.6,5.7,4.3,曇後晴,1
2019/1/21,10.3,-0.1,4.4,0.3,快晴,1
2019/1/22,10.2,-2.3,3.6,4,晴一時曇,1
2019/1/23,11.1,-3.5,3.9,0,快晴,1
2019/1/24,9.6,1.9,5,0,快晴,1
2019/1/25,10.5,0.3,5.1,7,晴後曇,1
2019/1/26,10.6,0.5,3.7,4,晴,1
2019/1/27,9,-0.4,3.8,0,快晴,1
2019/1/28,10.5,-1.9,4.1,3.3,曇後晴,1
2019/1/29,9.3,0.5,4.9,1,晴,1
2019/1/30,10.6,-2.6,3.8,2.7,晴,1
2019/1/31,15.7,-1.4,4.9,10,曇一時晴後時々雨,0
2019/2/1,7.1,-0.2,3.3,0,晴,1
2019/2/2,15.4,-2.4,6.3,,晴,1
2019/2/3,13.8,-0.9,6.6,,晴後時々曇,1
2019/2/4,18.1,3.5,9.7,,晴一時雨,0
2019/2/5,10.9,3.9,6.1,,曇時々晴,1
2019/2/6,9.3,2.7,5.4,,みぞれ時々雨一時晴後曇,0
2019/2/7,14.7,-0.6,7.5,,晴後一時曇,1
2019/2/8,8.6,1.3,4.7,,曇時々晴,1
2019/2/9,2.3,-0.3,0.8,,雪時々曇,0
2019/2/10,7.5,-0.2,2.9,,晴後一時曇,1
2019/2/11,4,-1.1,1.6,,曇一時晴,1
2019/2/12,10.8,-1.9,5,,晴,1
2019/2/13,11.4,-0.9,4.2,,晴一時曇,1
2019/2/14,8.5,0.2,3.5,,晴,1
2019/2/15,7.2,-3.1,2,,曇時々晴,1
2019/2/16,14.9,-1.9,5.2,,晴,1
2019/2/17,11.2,1.7,5.5,,晴,1
2019/2/18,15.5,-1.3,7.6,,晴,1
2019/2/19,11.3,4.5,7.8,,曇時々雨,0
2019/2/20,20.1,1.7,10.2,,晴一時霧後曇時々雨,0
2019/2/21,14.3,5.8,9.2,,晴,1
2019/2/22,14.6,1,8,,晴時々曇,1
2019/2/23,13.9,4.3,7.9,,晴時々曇,1
2019/2/24,14.7,0.4,7.2,,晴,1
2019/2/25,18.6,3,10.1,,曇時々晴,1
2019/2/26,14.7,5.8,10.1,,曇時々晴一時雨,0
2019/2/27,9.7,2.1,6.4,,曇一時晴,1
2019/2/28,7.8,5.5,6.6,,雨一時みぞれ,0
2019/3/1,14.7,6.6,9.4,,曇時々晴,1
2019/3/2,15.4,3.7,9.2,,晴,1
2019/3/3,7.2,4.4,5.8,,雨時々曇,0
2019/3/4,10.3,5.8,7.6,,雨,0
2019/3/5,16.9,3.4,9.8,,晴,1
2019/3/6,14.2,7.5,10.3,,曇,1
2019/3/7,11.5,5.2,8.7,,雨後時々曇,0
2019/3/8,11.1,3,6.6,,晴,1
2019/3/9,16,-1,7.7,,晴,1
2019/3/10,16.4,5.2,10.8,,曇時々晴,1
2019/3/11,17.7,8.3,11.2,,雨時々晴後曇,0
2019/3/12,18.2,7.3,12.3,,晴,1
2019/3/13,17.9,4.1,9.5,,晴,1
2019/3/14,13.3,1.3,7.1,,晴,1
2019/3/15,15,1.8,8.5,,晴後一時曇,1
2019/3/16,14.2,4.5,8.4,,晴時々曇後雨,0
2019/3/17,13.1,1,7.3,,晴後一時曇,1
2019/3/18,15.4,3.7,9,,晴,1
2019/3/19,18.2,6.3,11.9,,曇時々晴,1
2019/3/20,22,6.4,14.1,,晴,1
2019/3/21,23.2,10.4,15.5,,雨時々曇後晴,0
2019/3/22,21,7.3,13.9,,晴時々曇,1
2019/3/23,10.2,2.3,6.7,,曇一時晴後一時雨,0
2019/3/24,13.2,-0.7,6.6,,晴,1
2019/3/25,15.8,1.1,9,,晴時々曇,1
2019/3/26,17.1,6,11.4,,晴時々曇,1
2019/3/27,21.9,6.6,14.2,,晴後一時曇,1
2019/3/28,17.9,6.2,11.9,,晴,1
2019/3/29,11.8,5.1,7.6,,曇後時々晴,1
2019/3/30,9.3,5.4,7.2,,曇,1
2019/3/31,18.2,6.6,10.1,,曇一時雨後晴,0
2019/4/1,15.3,3.2,8.5,,晴後時々曇,1
2019/4/2,14.5,2.4,6.9,,晴,1
2019/4/3,12.6,1.6,6.9,,晴,1
2019/4/4,18.7,0.5,10.3,,晴,1
2019/4/5,24.4,4.9,15.5,,晴,1
2019/4/6,21.7,10.1,15.6,,晴,1
2019/4/7,21.8,7.3,14.5,,晴一時曇後一時雨,0
2019/4/8,12.6,5.4,9.6,,曇時々雨,0
2019/4/9,16.4,5.4,10,,晴,1
2019/4/10,7.5,1,3.7,,雨時々みぞれ,0
2019/4/11,16,3.6,9.6,,晴,1
2019/4/12,14,4.4,9.1,,曇後一時晴,1
2019/4/13,18,4.2,11.8,,晴,1
2019/4/14,19,8.1,13.6,,曇一時晴,1
2019/4/15,21.8,8.9,15.4,,晴一時曇,1
2019/4/16,23.8,8.7,15.5,,晴,1
2019/4/17,20.1,9.2,14.8,,曇一時晴,1
2019/4/18,24.5,10.2,17.1,,×,1
2019/4/19,25.1,11.3,17.5,,晴時々曇,1
2019/4/20,21.1,10.2,14.9,,晴,1
2019/4/21,22.7,9.8,16.6,,曇時々晴,1
2019/4/22,28,14.2,19.5,,晴時々曇,1
2019/4/23,25.5,15.6,19.5,,晴時々曇,1
2019/4/24,19.7,15.4,17.8,,雨時々曇,0
2019/4/25,26.8,16.5,21.3,,曇一時雨後晴,0
2019/4/26,20.9,9.4,12.4,,雨後時々曇,0
2019/4/27,16.8,7.5,10.9,,曇一時雨,0
2019/4/28,19.8,6.3,12.9,,晴,1
2019/4/29,21,9.6,15,,曇時々晴,1
2019/4/30,16.6,12.4,14.4,,雨,0
2019/5/1,24,14.1,18,,曇時々雨,0
2019/5/2,24,13.7,18.6,,晴,1
2019/5/3,28.2,10.8,19,,晴後一時曇,1
2019/5/4,25.6,12.1,18,,晴後曇一時雨、雷を伴う,0
2019/5/5,26.6,9.5,18.7,,晴,1
2019/5/6,24.5,13.4,17.9,,曇時々雨一時晴,0
2019/5/7,19.8,9.6,14.7,,曇時々晴,1
2019/5/8,24.6,6.2,16.3,,晴,1
2019/5/9,24,12.2,18,,曇時々晴,1
2019/5/10,29.1,13.3,21.3,,晴,1
2019/5/11,29.2,14.3,21.4,,晴一時曇,1
2019/5/12,23,14,17.7,,晴時々曇,1
2019/5/13,25.4,12.9,18.4,,晴時々曇,1
2019/5/14,20.9,16.4,18.1,,曇時々雨,0
2019/5/15,26.1,15.1,19.8,,晴時々曇,1
2019/5/16,26.5,14.2,20.4,,曇後晴,1
2019/5/17,27.6,16.2,21,,晴,1
2019/5/18,27,14.2,20.6,,曇時々晴,1
2019/5/19,27.6,17,21.1,,晴一時曇,1
2019/5/20,26.3,14.7,19.9,,曇時々雨一時晴,0
2019/5/21,21.6,17.2,19.1,,大雨後時々曇,0
2019/5/22,25.4,14.8,19.5,,曇一時晴,1
2019/5/23,28.5,15.2,21.5,,晴,1
2019/5/24,31.8,14.9,23.3,,晴,1
2019/5/25,34,16,25.1,,晴,1
2019/5/26,35,17.5,26.4,,晴後時々曇,1
2019/5/27,36.2,18.3,27.1,,晴,1
2019/5/28,28.6,21.7,24.6,,曇時々雨,0
2019/5/29,28.7,18.4,21.6,,曇後一時晴,1
2019/5/30,28.2,13.9,21.2,,晴,1
2019/5/31,25.3,17.6,21,,曇後時々雨,0
2019/6/1,27.8,17.4,22.4,,晴時々曇,1
2019/6/2,25.1,19.6,22.4,,曇,1
2019/6/3,29.3,19.3,23.6,,晴時々曇,1
2019/6/4,29.9,18,23.6,,晴時々曇,1
2019/6/5,27.9,20.1,23.3,,曇後一時晴,1
2019/6/6,34.2,19,26.6,,晴一時曇,1
2019/6/7,23,18.4,20.3,,大雨時々曇、雷を伴う,0
2019/6/8,27.5,18.7,21.6,,曇後時々雨,0
2019/6/9,20.1,15.7,17.4,,雨時々曇,0
2019/6/10,18.1,15.3,16.4,,大雨,0
2019/6/11,24.3,15.3,18.8,,曇後一時晴,1
2019/6/12,23.6,15.6,18.9,,曇,1
2019/6/13,29.1,15.3,21.9,,晴,1
2019/6/14,29.3,18.5,22.9,,曇時々晴,1
2019/6/15,20.4,15.6,16.9,,雨,0
2019/6/16,31.9,16.7,23,,晴一時雨,0
2019/6/17,27.9,18.9,23,,晴時々曇,1
2019/6/18,29.1,18,23.2,,曇時々晴,1
2019/6/19,29.8,20.1,24.3,,晴時々曇,1
2019/6/20,29.4,20.8,24.5,,晴時々曇,1
2019/6/21,28.1,20.4,23.4,,曇時々雨、雷を伴う,0
2019/6/22,25.6,19.8,22,,雨時々曇,0
2019/6/23,24.7,18.8,21.3,,曇後時々雨,0
2019/6/24,22.1,17.7,19.2,,雨後時々曇、雷を伴う,0
2019/6/25,29.3,16.8,22.8,,晴時々曇,1
2019/6/26,31.7,21.1,25.4,,晴,1
2019/6/27,28.6,21.1,25.1,,曇時々晴後雨,0
2019/6/28,30.2,20.4,24.8,,雨時々曇,0
2019/6/29,21.9,19,20.4,,曇時々雨,0
2019/6/30,25.9,20.2,22.6,,雨後曇,0
2019/7/1,25.9,21.8,23.5,,曇時々雨,0
2019/7/2,29.4,22,25.3,,曇時々雨,0
2019/7/3,27.8,22.6,25.1,,曇,1
2019/7/4,23.6,21,22,,大雨後時々曇,0
2019/7/5,24.1,19.6,21.9,,曇一時雨,0
2019/7/6,26.6,19.5,22.7,,曇時々雨,0
2019/7/7,23.8,18.9,20.8,,雨時々曇,0
2019/7/8,24.9,18.7,21.3,,曇,1
2019/7/9,21.4,17.8,19.5,,曇一時雨,0
2019/7/10,23.9,18,20.8,,曇,1
2019/7/11,22.2,17.7,19.5,,雨時々曇,0
2019/7/12,23.2,17.9,20.3,,雨時々曇,0
2019/7/13,28.4,19,23.7,,曇一時晴後一時雨,0
2019/7/14,24.1,20.6,22.1,,雨後時々曇,0
2019/7/15,25.7,19.6,22.1,,曇時々雨,0
2019/7/16,24.8,19.2,21.7,,曇時々雨,0
2019/7/17,30.9,20.4,25.4,,晴時々曇,1
2019/7/18,27.9,22.1,24.6,,曇後時々雨,0
2019/7/19,33,23.3,26.6,,雨時々曇一時晴,0
2019/7/20,30.3,24.2,27.1,,曇後時々雨,0
2019/7/21,27,21.6,24.6,,曇時々雨,0
2019/7/22,24.1,21.3,22.6,,雨時々曇,0
2019/7/23,30.8,22.6,26,,曇時々霧一時雨後時々晴,0
2019/7/24,32.8,23.5,26.6,,雨後曇時々晴、雷を伴う,0
2019/7/25,33.8,24.5,28.2,,曇後晴一時雨、雷を伴う,0
2019/7/26,34.9,24.8,29,,晴後一時曇,1
2019/7/27,34,24,28.4,,晴時々曇,1
2019/7/28,35.5,25,29.3,,曇時々晴一時雨,0
2019/7/29,36.2,25.8,29.4,,晴後曇一時雨、雷を伴う,0
2019/7/30,36.8,25.3,30.4,,晴,1
2019/7/31,36.6,26.5,31.3,,晴後時々曇,1
2019/8/1,37.7,27.1,31.2,,晴後一時雨、雷を伴う,0
2019/8/2,37.4,27.2,31.4,,晴,1
2019/8/3,37.3,26.9,31.2,,晴,1
2019/8/4,36.5,26.2,30.8,,晴一時曇,1
2019/8/5,36.5,26,30.7,,晴,1
2019/8/6,38.4,27,31.3,,晴後時々曇,1
2019/8/7,37.6,26.3,31.1,,晴後時々曇,1
2019/8/8,37.6,26.9,31.2,,晴時々曇,1
2019/8/9,38,25.8,31.2,,晴後一時雨一時曇、雷を伴う,0
2019/8/10,37.1,26.6,30.8,,晴後一時曇、雷を伴う,1
2019/8/11,34.2,26,29.2,,曇一時雨後晴,0
2019/8/12,34.7,25.5,29.5,,曇時々晴一時雨,0
2019/8/13,35.7,26.1,30.1,,曇後晴時々雨,0
2019/8/14,31,25.8,27.7,,大雨時々曇、雷を伴う,0
2019/8/15,32.8,25.3,28.7,,曇後雨一時晴,0
2019/8/16,32.9,26.8,28.9,,雨後曇時々晴,0
2019/8/17,36.8,25.3,30.8,,晴,1
2019/8/18,35.2,26.9,30.1,,曇時々晴後一時雨,0
2019/8/19,32.7,24.5,28.1,,曇時々雨一時晴,0
2019/8/20,27.7,23.3,24.8,,雨後曇一時晴、雷を伴う,0
2019/8/21,32,23.2,26.3,,曇一時晴後時々雨、雷を伴う,0
2019/8/22,28.9,23,25.4,,曇時々雨,0
2019/8/23,28.4,23.9,25.8,,雨時々曇,0
2019/8/24,33.2,22.8,27.4,,晴時々曇,1
2019/8/25,32.1,21.3,26.6,,晴,1
2019/8/26,31,22.5,25.7,,晴時々曇一時雨,0
2019/8/27,29.2,22.3,25.3,,曇一時雨,0
2019/8/28,26,22.8,24.1,,雨時々曇,0
2019/8/29,34.2,23.4,28.2,,曇時々晴,1
2019/8/30,26.6,24.5,25.5,,雨時々曇,0
2019/8/31,32.5,24.2,27.4,,曇時々晴,1
2019/9/1,31.6,24.7,27.3,,曇時々雨,0
2019/9/2,31.2,23.1,27.3,,晴後曇一時雨,0
2019/9/3,26.3,21.6,24.7,,曇時々雨,0
2019/9/4,26.1,21.7,23.3,,曇時々雨,0
2019/9/5,28.5,22.4,25.2,,曇,1
2019/9/6,34.6,22.8,28.4,,晴,1
2019/9/7,34.7,25.4,29.1,,晴一時曇,1
2019/9/8,32.7,25.2,28.5,,曇後晴一時雨、雷を伴う,0
2019/9/9,35.8,24.7,29.7,,曇一時雨,0
2019/9/10,36.1,24.7,29.7,,晴,1
2019/9/11,32.5,24,27,,曇後晴一時雨、雷を伴う,0
2019/9/12,31.1,22.6,26.1,,晴後曇,1
2019/9/13,23.2,20.4,21.9,,曇,1
2019/9/14,24.6,17.5,21.4,,曇後一時雨一時晴,0
2019/9/15,30.8,20.3,25.7,,晴,1
2019/9/16,29,21.9,25.3,,雨後曇時々晴,0
2019/9/17,32.6,23,26.6,,晴,1
2019/9/18,26.1,18.8,22.2,,雨時々曇,0
2019/9/19,27.7,17.3,22.3,,晴時々曇,1
2019/9/20,27.4,19.3,22.6,,晴時々曇,1
2019/9/21,23.4,19.4,21.4,,曇時々雨,0
2019/9/22,27.4,17.7,22.4,,晴後曇一時雨,0
2019/9/23,28.3,20.3,23.1,,曇時々雨一時晴,0
2019/9/24,29.5,20.6,24.5,,曇後一時雨一時晴,0
2019/9/25,30,18.7,24.4,,晴,1
2019/9/26,27.1,18.4,21.9,,晴時々曇,1
2019/9/27,29.5,17.3,23,,晴,1
2019/9/28,26.8,19.7,23.1,,曇一時晴,1
2019/9/29,29.7,20.9,24.6,,晴時々曇,1
2019/9/30,31.1,20.7,25,,晴,1
2019/10/1,30.6,19.8,24.3,,晴,1
2019/10/2,30.5,19.6,24.4,,晴後一時曇,1
2019/10/3,28.9,19.4,23.5,,曇後時々雨,0
2019/10/4,28.6,21.8,24.6,,雨後曇時々晴,0
2019/10/5,30.9,22,26.1,,晴後一時曇,1
2019/10/6,22.7,19,20.6,,曇時々雨,0
2019/10/7,24.5,17.3,20.4,,曇時々晴,1
2019/10/8,24.2,17.5,20.3,,曇一時雨,0
2019/10/9,25.7,14.8,19.7,,晴,1
2019/10/10,25.2,13,19.4,,晴,1
2019/10/11,24,16.8,20.2,,曇後時々雨,0
2019/10/12,24.7,18.9,22.6,,大雨,0
2019/10/13,27.6,17,23.1,,晴,1
2019/10/14,19.1,15.6,17.4,,曇時々雨,0
2019/10/15,22.7,14.5,17.8,,曇時々晴,1
2019/10/16,19.3,13,15.9,,曇,1
2019/10/17,20.9,11.2,16,,曇時々晴一時雨,0
2019/10/18,18.4,14.5,16.2,,曇時々雨,0
2019/10/19,21.8,14.5,18.1,,曇時々雨,0
2019/10/20,25.5,16.9,20.7,,曇一時晴,1
2019/10/21,20.9,16,18.6,,曇後一時雨,0
2019/10/22,17.4,14.6,16,,雨時々曇,0
2019/10/23,24.3,11.8,18.1,,晴後一時曇,1
2019/10/24,19.2,14.9,17.4,,曇後一時雨,0
2019/10/25,17.5,14.2,15.1,,大雨,0
2019/10/26,25.9,16.9,20.4,,曇時々晴,1
2019/10/27,23.1,14.8,17.6,,曇後晴一時雨,0
2019/10/28,21.4,12.8,16.5,,晴時々曇,1
2019/10/29,15,11.1,14,,雨,0
2019/10/30,23.1,9,15.3,,晴後曇、霧を伴う,1
2019/10/31,21,13.6,16.3,,曇後時々晴,1
2019/11/1,26,10.9,17.3,,晴,1
2019/11/2,19.2,8.8,14.3,,晴一時曇,1
2019/11/3,19.1,10.3,14.8,,曇後一時晴,1
2019/11/4,20.5,10.4,14.5,,晴,1
2019/11/5,20.2,8,13.3,,晴,1
2019/11/6,22.5,7.2,14,,晴,1
2019/11/7,18.5,8.1,13.9,,曇時々晴,1
2019/11/8,19.1,11.6,14.8,,晴後時々曇,1
2019/11/9,17.6,8.1,12.4,,晴,1
2019/11/10,19.2,7.3,13.4,,晴,1
2019/11/11,15.9,9.5,12.3,,曇時々雨,0
2019/11/12,21.2,9.2,14.9,,晴,1
2019/11/13,14.8,8.3,11.9,,曇時々晴一時雨,0
2019/11/14,21.9,8.6,13.8,,晴,1
2019/11/15,16.3,7.9,11.5,,晴,1
2019/11/16,19,4.5,11.3,,晴,1
2019/11/17,18.8,7.5,12.7,,晴,1
2019/11/18,18,7.5,12.3,,晴時々曇,1
2019/11/19,22.4,10.7,14.7,,晴,1
2019/11/20,14.1,7.2,10.2,,晴,1
2019/11/21,16.1,4.5,9.4,,晴,1
2019/11/22,8.7,4.2,6.9,,雨時々曇一時晴,0
2019/11/23,13.1,8.6,11.5,,雨,0
2019/11/24,21.8,12.7,16.4,,曇時々雨,0
2019/11/25,22.7,11.4,16.2,,曇後一時雨時々霧一時晴,0
2019/11/26,11.5,7.4,8.7,,曇一時雨,0
2019/11/27,12.6,8.2,9.9,,曇,1
2019/11/28,11.5,3.8,8.9,,曇後一時雨,0
2019/11/29,11.3,0.4,5.3,,晴,1
2019/11/30,11.9,1.8,6.4,,晴,1
2019/12/1,11.2,1.4,5.9,,晴後時々曇,1
2019/12/2,13.4,4.3,8.7,,曇後雨時々晴,0
2019/12/3,17.1,6.7,11.7,,晴,1
2019/12/4,17,3.5,9.8,,晴,1
2019/12/5,15,2.9,8.6,,晴,1
2019/12/6,10.7,2.3,6.7,,曇時々晴,1
2019/12/7,6.3,2.8,4.8,,曇,1
2019/12/8,13.6,1.7,7.9,,晴,1
2019/12/9,7.7,0,4.7,,曇,1
2019/12/10,13.4,6.6,10.4,,曇,1
2019/12/11,15.1,5.6,10.6,,曇時々晴,1
2019/12/12,19.5,4.6,10.1,,晴,1
2019/12/13,9.1,3.6,6,,曇後一時晴,1
2019/12/14,13,1,7.2,,晴一時曇,1
2019/12/15,12.8,3.1,7.5,,晴時々曇,1
2019/12/16,11.8,-0.1,5.5,,晴,1
2019/12/17,9.3,4.9,6.6,,曇時々雨,0
2019/12/18,18.1,4,9.5,,晴時々曇、霧を伴う,1
2019/12/19,9.8,6.6,8.2,,曇,1
2019/12/20,15.6,4.8,10,,晴,1
2019/12/21,7.8,5.1,7.1,,曇一時雨,0
2019/12/22,9.1,2.7,5.8,,曇後一時雨,0
2019/12/23,12.3,3.1,6.7,,晴,1
2019/12/24,11.5,3.5,7.5,,晴,1
2019/12/25,10,-1,4.6,,晴後一時曇,1
2019/12/26,8.5,2.8,6,,曇後時々雨,0
2019/12/27,15,3.5,7.6,,晴一時雨,0
2019/12/28,10.4,3.1,5.8,,晴,1
2019/12/29,10.9,-0.3,5.2,,晴,1
2019/12/30,8.8,3.7,5.7,,曇時々雨,0
2019/12/31,17.8,0.3,5.3,,晴一時曇、霧を伴う,1
2020/1/1,10.7,1.7,5.6,,晴,1
